21st Century Charter - Gary|21st Century Charter School of Gary|180004602162|21st Century Charter Sch of Gary|41.60096|-87.3389
Adams Central|Adams Central Middle School|180006000008|Adams Central Middle School|40.746339|-84.942627
Alexandria Monroe|Alexandria-Monroe High School|180012000011|Alexandria-Monroe High School|40.252051|-85.678425
Anderson|Anderson High School|180015000029|Anderson High School|40.066105|-85.691188
Anderson Preparatory Academy|Anderson Preparatory Academy|180007702425|Anderson Preparatory Academy|40.08672|-85.680445
Andrean|Andrean High School|423376|ANDREAN HIGH SCHOOL|41.51057|-87.332641
Angola|Angola High School|181110001797|Angola High School|41.632038|-84.972291
Argos|Argos Community Junior-Senior High School|180018000048|Argos Comm Jr-Sr High School|41.241568|-86.249138
Attica|Attica High School|180021000050|Attica High School|40.276822|-87.251381
Austin|Austin High School|180999001605|Austin High School|38.73886|-85.800183
Avon|Avon High School|180027000057|Avon High School|39.739265|-86.38787
Barr Reeve|Barr Reeve Middle/High School|180033000061|Barr Reeve Middle/High School|38.668561|-87.048916
Batesville|Batesville High School|180039000084|Batesville High School|39.310897|-85.234089
Bedford North Lawrence|Bedford-North Lawrence High School|180786001337|Bedford-North Lawrence High Scho|38.881709|-86.443298
Beech Grove|Beech Grove Senior High School|180045000093|Beech Grove Sr High School|39.711396|-86.075823
Bellmont|Bellmont Senior High School|180768001314|Bellmont Senior High School|40.835426|-84.909757
Ben Davis|Ben Davis High School|181281002028|Ben Davis High School|39.784547|-86.290871
Benton Central|Benton Central Junior-Senior High School|180048000097|Benton Central Jr-Sr High School|40.564505|-87.242514
Bethany Christian|Bethany Christian School|424857|BETHANY CHRISTIAN SCHOOLS|41.54571|-85.827191
Bethesda Christian|Bethesda Christian School|425191|BETHESDA CHRISTIAN SCHOOLS|39.87935|-86.411541
Indianapolis Bishop Chatard|Bishop Chatard High School|422124|BISHOP CHATARD HIGH SCHOOL|39.86069|-86.127691
Fort Wayne Bishop Dwenger|Bishop Dwenger High School|422689|BISHOP DWENGER HIGH SCHOOL|41.1329|-85.126101
Fort Wayne Bishop Luers|Bishop Luers High School|422703|BISHOP LUERS HIGH SCHOOL|41.03232|-85.135241
Blackford|Blackford High School|180057000102|Blackford High School|40.485015|-85.371589
Fort Wayne Blackhawk Christian|Blackhawk Christian Mdl/High Sch|180363000516|Blackhawk Middle School|41.105263|-85.049681
Bloomfield|Bloomfield Junior-Senior High School|180060000113|Bloomfield Jr-Sr High School|39.025486|-86.945946
Bloomington North|Bloomington High School North|180063000119|Bloomington High School North|39.198622|-86.549153
Bloomington South|Bloomington High School South|180063000120|Bloomington High School South|39.142869|-86.528902
Blue River Valley|Blue River Valley Junior-Senior High Sch|180066000141|Blue River Valley Jr-Sr HS|40.0021|-85.328712
Bluffton|Bluffton High School|180072000146|Bluffton High School|40.723709|-85.162457
Boone Grove|Boone Grove High School|180918001521|Boone Grove High School|41.394874|-87.16457
Boonville|Boonville High School|181239001975|Boonville High School|38.052342|-87.277606
Borden|Borden High School|180937001540|William W Borden High School|38.469593|-85.946652
Bowman Leadership|Bowman Leadership Academy|180002501807|Thea Bowman Leadership Academy|41.599232|-87.349056
Brebeuf Jesuit Preparatory|Brebeuf Jesuit Preparatory School|wikiPageID:1687023|Brebeuf Jesuit Preparatory School|39.91027778|-86.20972222
Bremen|Bremen Senior High School|180090000168|Bremen Senior High School|41.443736|-86.15268
Broad Ripple|Broad Ripple Mgnt High School for Performing Arts|180477000804|Broad Ripple Mgnt HS for Prfm Ar|39.867482|-86.137682
Brown County|Brown County Intermediate School|180096002556|Brown County Intermediate School|39.2033|-86.245071
Brownsburg|Brownsburg High School|180102000176|Brownsburg High School|39.829857|-86.388188
Brownstown Central|Brownstown Central Middle School|180105000181|Brownstown Central Middle School|38.88092|-86.048132
Calumet|Calumet High School|180546000989|Calumet New Tech High School|41.547853|-87.410673
Cambridge City Lincoln|Cambridge City Lincoln Senior High School|wikiPageID:27736698|Lincoln Senior High School|39.81527778|-85.16583333
Cannelton|Cannelton Elem & High School|180117000191|Cannelton Elem & High School|37.91043|-86.743792
Indianapolis Cardinal Ritter|Cardinal Ritter High School|422077|CARDINAL RITTER HIGH SCHOOL|39.81255|-86.215591
South Bend Career Academy|Career Academy High School|180010102521|Career Academy High School|41.72775|-86.331631
Carmel|Carmel High School|180120000193|Carmel High School|39.979671|-86.119945
Carroll (Flora)|Carroll (Flora) Junior-Senior High School|180129000203|Carroll Senior High School|40.546066|-86.480883
Carroll (Fort Wayne)|Carroll High School|180825001414|Carroll High School|41.190123|-85.192623
Cascade|Cascade Senior High School|180666001171|Cascade Senior High School|39.66578|-86.559026
Castle|Castle High School|181239001977|Castle High School|37.985067|-87.384476
Caston|Caston Junior School|180141000207|Caston Jr-Sr High School|40.910933|-86.28261
Indianapolis Cathedral|Cathedral High School|wikiPageID:3323875|Cathedral High School|39.85194444|-86.08083333
Center Grove|Center Grove High School|180144000209|Center Grove High School|39.576171|-86.195162
Centerville|Centerville Senior High School|180156000217|Centerville Sr High School|39.812491|-85.000747
Central Christian|Central Christian School|A9901831|CENTRAL CHRISTIAN SCHOOL|41.13588|-85.006401
Central Noble|Central Noble Junior Senior High School|180171000230|Central Noble Junior Senior HS|41.39822|-85.418093
Charlestown|Charlestown Senior High School|180394000663|Charlestown Senior High School|38.454739|-85.666503
Chesterton|Chesterton Senior High School|180280000333|Chesterton Senior High School|41.588945|-87.064497
Christel House Academy|Christel House Academy South|180001801789|Christel House Academy South|39.727941|-86.148329
Christian Academy of Indiana|Christian Academy of Indiana|1902019|CHRISTIAN ACADEMY OF INDIANA|38.32643|-85.830071
Churubusco|Churubusco Junior-Senior High School|181023001638|Churubusco Jr-Sr High School|41.231183|-85.323629
Clarksville|Clarksville Senior High School|180192000249|Clarksville Senior High School|38.298573|-85.767937
Clay City|Clay City Junior Senior High School|180084000157|Clay City Jr-Sr High School|39.27939|-87.109679
South Bend Clay|Clay High School|181029001649|Clay High School|41.731927|-86.238379
Clinton Central|Clinton Central Junior-Senior High School|180213000257|Clinton Central Junior-Senior HS|40.298389|-86.391262
Clinton Prairie|Clinton Prairie Junior-Senior High School|180216000258|Clinton Prairie Jr-Sr High Schoo|40.251288|-86.591547
Cloverdale|Cloverdale High School|180222000265|Cloverdale High School|39.513183|-86.787218
Columbia City|Columbia City High School|180228000267|Columbia City High School|41.16289|-85.484186
Columbus East|Columbus East High School|180036000065|Columbus East High School|39.195497|-85.886253
Columbus North|Columbus North High School|180036000066|Columbus North High School|39.224518|-85.909554
Concord|Concord Community High School|180240000269|Concord Community High School|41.635603|-85.928811
Fort Wayne Concordia Lutheran|Concordia Lutheran High School|2159782|CONCORDIA LUTHERAN HIGH SCHOOL|41.10922|-85.117401
Connersville|Connersville Senior High School|180351000498|Connersville Sr High School|39.636171|-85.159724
Corydon Central|Corydon Central High School|181036002282|Corydon Central High School|38.200137|-86.119437
Covenant Christian (Indianapolis)|Covenant Christian High School|A0103217|COVENANT CHRISTIAN HIGH SCHOOL|39.792882|-86.293179
Covenant Christian (DeMotte)|Covenant Christian High School|A0103217|COVENANT CHRISTIAN HIGH SCHOOL|41.194239|-87.198207
Covington|Covington Community High School|180243000275|Covington Community High School|40.142986|-87.396112
Cowan|Cowan High School|180702001200|Cowan High School|40.107651|-85.392567
Crawford County|Crawford County High School|180244000279|Crawford County Jr-Sr HS|38.31951|-86.353511
Crawfordsville|Crawfordsville Senior High School|180246000287|Crawfordsville Sr High School|40.021139|-86.907304
Indianapolis Crispus Attucks|Crispus Attucks Medical Magnet High School|180477000815|Crispus Attucks Medical Magnet H|39.782849|-86.169967
Crothersville|Crothersville Junior-Senior High School|181206001893|Crothersville Jr-Sr High School|38.79728|-85.83712
Crown Point|Crown Point High School|180249000293|Crown Point High School|41.389664|-87.359668
Culver Academies|Culver Academies|A1101060|CULVER ACADEMIES|41.225042|-86.404731
Culver Community|Culver Community Middle/High Sch|180252000301|Culver Community High School|41.223936|-86.425288
Daleville|Daleville Junior-Senior High School|180984001603|Daleville Jr-Sr High School|40.118444|-85.554684
Danville Community|Danville Community High School|180255000304|Danville Community High School|39.757104|-86.540349
Decatur Central|Decatur Central High School|180264000312|Decatur Central High School|39.686698|-86.274046
DeKalb|DeKalb High School|180159000220|DeKalb High School|41.40668|-85.040443
Delphi Community|Delphi Community Middle School|180270000327|Delphi Community Middle School|40.575187|-86.667314
Delta|Delta High School|180266000320|Delta High School|40.278907|-85.348117
East Central|East Central High School|181119001802|East Central High School|39.279246|-84.973944
East Chicago Central|East Chicago Central High School|180288002272|East Chicago Central High School|41.63278|-87.453261
East Noble|East Noble High School|180297000389|East Noble High School|41.435128|-85.257017
Eastbrook|Eastbrook High School|180303000399|Eastbrook High School|40.545411|-85.505035
Eastern (Greentown)|Eastern (Greentown) Jr & Senior High School|180315000413|Eastern High School|40.473309|-85.971711
Eastern (Pekin)|Eastern (Pekin) High School|180300000395|Eastern High School|38.514695|-86.002001
Eastern Greene|Eastern Greene High School|180309000408|Eastern Greene High School|39.031869|-86.737245
Eastern Hancock|Eastern Hancock Middle School|180312000658|Eastern Hancock Middle School|39.824236|-85.609944
Eastside|Eastside Junior-Senior High School|180306000405|Eastside Junior-Senior High Scho|41.431599|-84.863175
Edgewood|Edgewood High School|180948001546|Edgewood High School|39.235985|-86.634179
Edinburgh|Edinburgh Community High School|180324000422|Edinburgh Community High School|39.352055|-85.970264
Elkhart Central|Elkhart Central High School|180327000429|Elkhart Central High School|41.685046|-85.959028
Elkhart Christian Academy|Elkhart Christian Academy|425362|ELKHART CHRISTIAN ACADEMY|41.638|-85.959831
Elkhart Memorial|Elkhart Memorial High School|180327000430|Elkhart Memorial High School|41.696585|-86.014024
Elwood Community|Elwood Community High School|180330000449|Elwood Jr-Sr High School|40.290037|-85.835314
Eminence|Eminence Junior-Senior High School|180333000454|Eminence Jr-Sr High School|39.524298|-86.642559
Indianapolis Emmerich Manual|Emmerich Manual High School|180011200825|Emmerich Manual High School|39.73338|-86.152671
Evansville Central|Evans Central High School|180345000473|Evans School|38.00547|-87.550391
Evansville Bosse|Benjamin Bosse High School|180345000456|Benjamin Bosse High School|37.96293|-87.54059
Evansville Day|Evansville Day School|425136|EVANSVILLE DAY SCHOOL|38.01071|-87.495581
Evansville F.J. Reitz|Francis Joseph Reitz High School|180345000466|Francis Joseph Reitz High School|37.973088|-87.605592
Evansville Harrison|William Henry Harrison High School|180345000490|William Henry Harrison High Scho|37.973531|-87.485975
Evansville North|North High School|180345000478|North High School|38.115817|-87.551413
Evansville Memorial|Reitz Memorial High School|422306|REITZ MEMORIAL HIGH SCHOOL|37.97172|-87.536641
Fairfield|Fairfield Junior-Senior High School|180348000491|Fairfield Jr-Sr High School|41.517698|-85.767808
Faith Christian|Faith Christian School|A9901842|FAITH CHRISTIAN SCHOOL|40.41864|-86.797911
Fishers|Fishers High School|181065002392|Fishers High School|39.978051|-85.966691
Floyd Central|Floyd Central High School|180741001265|Floyd Central High School|38.333266|-85.931037
Forest Park|Forest Park High School|181064001745|Forest Park Jr-Sr High School|38.227576|-86.857431
Fort Wayne Canterbury|Fort Wayne Canterbury School|181035002230|Fort Branch Community School|41.054054|-85.212181 
Fountain Central|Fountain Central High School|181062001742|Fountain Central High School|40.106202|-87.226833
Frankfort|Frankfort Senior High School|180366000574|Frankfort Senior High School|40.281706|-86.485294
Franklin Central|Franklin Central High School|180375000597|Franklin Central High School|39.677022|-86.015513
Franklin Community|Franklin Community High School|180369000581|Franklin Community High Sch|39.511913|-86.087325
Franklin County|Franklin County High|180370002336|Franklin County High|39.428741|-84.998757
Frankton|Frankton Junior-Senior High School|181288002050|Frankton Jr-Sr High School|40.220442|-85.773531
Fremont|Fremont High School|180378000601|Fremont High School|41.729725|-84.939996
Frontier|Frontier Junior-Senior High School|180381000603|Frontier Jr-Sr High School|40.66434|-86.862521
Garrett|Garrett High School|180384000605|Garrett High School|41.346734|-85.126952
Lighthouse CPA|Gary Lighthouse Charter School|180005202155|Gary Lighthouse Charter School|41.560324|-87.350459
Gary Roosevelt|Roosevelt Car & Tech Academy|180011900645|Theodore Roosevelt Car & Tech Ac|41.574449|-87.345258
Gary West Side|West Side Leadership Academy|180387000648|West Side Leadership Academy|41.592556|-87.408516
Gibson Southern|Gibson Southern High School|181035001688|Gibson Southern High School|38.236923|-87.635017
Goshen|Goshen High School|180393000654|Goshen High School|41.580589|-85.823145
Greencastle|Greencastle Senior High School|180399000690|Greencastle Senior High School|39.643436|-86.844187
Greenfield-Central|Greenfield-Central High School|180405000696|Greenfield-Central High Sch|39.792015|-85.781158
Greensburg|Greensburg Community High School|180408000704|Greensburg Community High School|39.34134|-85.467948
Greenwood Christian Academy|Greenwood Christian Academy|A9901835|GREENWOOD CHRISTIAN ACADEMY|39.58566|-86.124031
Greenwood Community|Greenwood Community High Sch|180411000709|Greenwood Community High Sch|39.60313|-86.117622
Griffith|Griffith Senior High School|180417000722|Griffith Senior High School|41.531693|-87.436907
Guerin Catholic|St Theodore Guerin High School|A0700892|ST THEODORE GUERIN HIGH SCHOOL|40.00962|-86.086001
Hagerstown|Hagerstown Junior-Senior High School|180738001261|Hagerstown Jr-Sr High School|39.920299|-85.161401
Hamilton|Hamilton Community High School|180423000724|Hamilton Community High Sch|41.522281|-84.920799
Hamilton Heights|Hamilton Heights High School|180426000728|Hamilton Heights High School|40.16531|-86.015631
Hamilton Southeastern|Hamilton Southeastern High School|181065001752|Hamilton Southeastern HS|39.971031|-85.91673
Hammond Academy of Science & Technology|Hammond Academy of Science & Technology|180008202466|Hammond Academy of Science & Tec|41.61775|-87.523471
Hammond Bishop Noll|Bishop Noll Institute|423274|BISHOP NOLL INSTITUTE|41.62783|-87.493071
Hammond Clark|George Rogers Clark Middle - High School|180432000735|George Rogers Clark Md/HS|41.678225|-87.506808
Hammond Gavit|Donald E Gavit Middle/High School|180432000734|Donald E Gavit Middle/High Schoo|41.576998|-87.487789
Hammond|Hammond High School|180432000736|Hammond High School|41.605718|-87.509562
Hammond Morton|Morton Senior High School|180432000746|Morton Senior High School|41.586739|-87.440178
Hanover Central|Hanover Central Middle School|180435001908|Hanover Central Middle School|41.356487|-87.463382
Harrison (West Lafayette)|Harrison High School|180069000144|North Harrison High School|40.499316|-86.914805
Hauser|Hauser Junior-Senior High School|180357000509|Hauser Jr-Sr High School|39.292713|-85.769977
Hebron|Hebron High School|180075000153|Hebron High School|41.313891|-87.196143
Henryville|Henryville Jr & Senior High School|180937001531|Henryville Jr & Sr High School|38.544046|-85.768995
Heritage Christian|Heritage Christian School|353555|PROTESTANT REFORMED/HERITAGE CHRISTIAN SCHOOLS|39.888127|-86.059706
Heritage Hills|Heritage Hills High School|180801001376|Heritage Hills High School|38.119622|-86.986804
Heritage|Heritage Jr/Senior High School|180285000344|Heritage Jr/Sr High School|40.976602|-84.962024
Herron|Herron High School|180005802315|Herron High School|39.789037|-86.155436
Highland|Highland High School|180456000763|Highland High School|41.546884|-87.458783
Hobart|Hobart High School|180459000774|Hobart High School|41.51785|-87.232311
Homestead|Homestead Senior High School|180003000002|Homestead Senior High School|41.043337|-85.286132
Huntington North|Huntington North High School|180471000786|Huntington North High School|40.892287|-85.510937
Indian Creek|Indian Creek High School|180762001303|Indian Creek Sr High School|39.40683|-86.15823
Indiana Math & Science Academy|Indiana Math & Science Academy|180006702416|Indiana Math & Science Academy|39.822475|-86.236995
Indiana School For The Blind|Indiana School For The Blind|180002302257|Indiana School For The Blind|39.893489|-86.143344
Indiana School for the Deaf|Indiana School For The Deaf|180002402258|Indiana School For The Deaf|39.835117|-86.13585
Indianapolis Arlington|Arlington Community High School|180477000799|Arlington Community High School|39.84331|-86.062271
Indianapolis Arsenal Technical|Arsenal Technical High School|180477000801|Arsenal Technical High School|39.775843|-86.132986
Indianapolis George|George Washington Community|180477001446|George Washington Community HS|39.764722|-86.1993
Indianapolis Howe|Howe Community High School|180012601445|Thomas Carr Howe Comm High Schoo|39.76831|-86.085681
Lighthouse Charter South|Indpls Lighthouse Charter School|180005102165|Indpls Lighthouse Charter School|39.743394|-86.088571
Indianapolis Lutheran|Lutheran High School of Indianapolis|424201|LUTHERAN HIGH SCHOOL OF INDIANAPOLIS|39.6875|-86.062341
Indianapolis Metropolitan|Indianapolis Metropolitan High School|180006402408|Indianapolis Metropolitan High S|39.773776|-86.191604
Indianapolis Northwest|Northwest Community High School|180477000878|Northwest Community High School|39.813937|-86.258433
Indianapolis Scecina Memorial|Scecina Memorial High School|421244|SCECINA MEMORIAL HIGH SCHOOL|39.78723|-86.085331
Indianapolis Shortridge|Shortridge High School|180477002238|Shortridge High School|39.8181|-86.155604
International School of Indiana|International School of Indiana High School|180345000481|Plaza Park International Prep Ac|39.833776|-86.185438
Irvington Preparatory|Irvington Preparatory Academy|180001401756|Irvington Community School|39.769302|-86.052044
Jac-Cen-Del|Jac-Cen-Del Junior-Senior High School|180480000907|Jac-Cen-Del MS/HS|39.142016|-85.295121
Jasper|Jasper High School|180396000685|Jasper High School|38.402437|-86.950229
Jay County|Jay County High School|180498000914|Jay County High School|40.429648|-85.023385
Jeffersonville|Jeffersonville High School|180394000666|Jeffersonville High School|38.317166|-85.711334
Jennings County|Jennings County High School|180519000923|Jennings County High School|38.998829|-85.641632
Jimtown|Jimtown High School|180042000090|Jimtown High School|41.63738|-86.024254
Glenn|John Glenn High School|180912001505|John Glenn High School|41.45653|-86.478841
Kankakee Valley|Kankakee Valley High School|180528000933|Kankakee Valley High School|41.18582|-87.119783
Knightstown|Knightstown High School|180106000189|Knightstown High School|39.79264|-85.541774
Knox|Knox Community High School|180534000938|Knox Community High School|41.285472|-86.625898
Kokomo|Kokomo High School|180537000947|Kokomo High School|40.456143|-86.157291
Kouts|Kouts Middle/High School|180900001497|Kouts Middle/High School|41.314244|-87.022925
LaCrosse|LaCrosse Elementary & High School|180010702511|LaCrosse School|41.31755|-86.889871
Lafayette Central Catholic|Lafayette Central Catholic Junior-Senior High School|wikiPageID:3243171|Lafayette Central Catholic Junior-Senior High School|40.39305556|-86.88583333
Lafayette Jefferson|Jefferson High School|180540000968|Jefferson High School|40.399312|-86.875273
Lake Central|Lake Central High School|180545000984|Lake Central High School|41.468748|-87.473192
Lake Station Edison|Thomas A Edison Jr-Sr HS|180291000380|Thomas A Edison Jr-Sr HS|41.577105|-87.245031
Lakeland Christian Academy|Lakeland Christian Academy|424813|LAKELAND CHRISTIAN ACADEMY|41.21956|-85.798401
Lakeland|Lakeland High School|180552000996|Lakeland High School|41.653851|-85.410299
Lakewood Park Christian|Lakewood Park Christian School|A9300373|LAKEWOOD PARK CHRISTIAN SCHOOL|41.32936|-85.050541
Lanesville|Lanesville Junior-Senior High School|180372000593|Lanesville Jr-Sr HS|38.239163|-85.989548
Lapel|Lapel Senior High School|181288002328|Lapel Sr High School|40.077449|-85.840409
LaPorte|LaPorte High School|180558001015|LaPorte High School|41.600879|-86.727011
Laville|LaVille Jr-Sr High School|181191001879|LaVille Jr-Sr High School|41.478917|-86.30396
Lawrence Central|Lawrence Central High School|180567001029|Lawrence Central High School|39.85598|-86.039537
Lawrence North|Lawrence North High School|180567001031|Lawrence North High School|39.896206|-86.034698
Lawrenceburg|Lawrenceburg High School|180570001037|Lawrenceburg High School|39.099963|-84.853189
Lebanon|Lebanon Senior High School|180579001041|Lebanon Senior High School|40.058205|-86.462162
Leo|Leo Junior/Senior High School|180285000349|Leo Junior/Senior High School|41.219929|-85.017996
Cass|Lewis Cass Junior-Senior High School|181068001755|Lewis Cass Jr-Sr High School|40.662674|-86.251403
Liberty Christian|Liberty Christian School|425624|LIBERTY CHRISTIAN SCHOOL|40.09252|-85.667361
Linton-Stockton|Linton-Stockton High School|180591001049|Linton-Stockton High School|39.041634|-87.166617
Logansport|Logansport Community High School|180603001060|Logansport Comm High School|40.749257|-86.330876
Loogootee|Loogootee Junior-Senior High School|180606001067|Loogootee High School|38.678047|-86.921238
Lowell|Lowell Senior High School|181146001852|Lowell Senior High School|41.291374|-87.393155
Maconaquah|Maconaquah High School|180609001078|Maconaquah High School|40.651724|-86.064951
Madison Consolidated|Madison Consolidated High School|180612001090|Madison Consolidated High Sch|38.773608|-85.401701
Madison-Grant|Madison-Grant High School|180624001097|Madison-Grant High School|40.384039|-85.673829
Manchester|Manchester Junior-Senior High School|180627001103|Manchester Jr-Sr High School|41.009441|-85.772717
Marion|Marion High School|180639001117|Marion High School|40.53881|-85.668787
Marquette Catholic|Marquette Catholic High School|423682|MARQUETTE CATHOLIC HIGH SCHOOL|41.71103|-86.902711
Martinsville|Martinsville High School|180651001135|Martinsville High School|39.419767|-86.411491
Evansville Mater Dei|Mater Dei High School|422576|MATER DEI HIGH SCHOOL|37.98878|-87.616361
McCutcheon|McCutcheon High School|181134001830|McCutcheon High School|40.351069|-86.903213
Medora|Medora Jr & Senior High School|180123000201|Medora Jr & Sr High School|38.82474|-86.172027
Merrillville|Merrillville High School|180969001586|Merrillville High Sch|41.495777|-87.325431
Michigan City|Michigan City High School|180657001160|Michigan City High School|41.677956|-86.863596
Milan|Milan High School|180663001168|Milan High School|39.129559|-85.128433
Mishawaka|Mishawaka High School|180684001183|Mishawaka High School|41.662837|-86.161567
Mishawaka Marian|Mishawaka Marian High School|180684001183|Mishawaka High School|41.662837|-86.161567
Mississinewa|Mississinewa High School|180687001189|Mississinewa High School|40.496779|-85.613718
Mitchell|Mitchell High School|180690001198|Mitchell High School|38.736487|-86.479484
Monroe Central|Monroe Central Junior-Senior High School|180708001202|Monroe Central Jr-Sr High Sch|40.191897|-85.167622
Monrovia|Monrovia High School|180414000716|Monrovia High School|39.575739|-86.477654
Mooresville|Mooresville High School|180714001207|Mooresville High School|39.618765|-86.377079
Morgan Township|Morgan Township Middle/High School|180900001214|Morgan Township Middle/High Scho|41.392104|-87.026034
Morristown|Morristown Junior-Senior High School|180321000418|Morristown Jr-Sr High School|39.672828|-85.701597
Mt. Vernon (Fortville)|Mount Vernon High School|180729001226|Mount Vernon High School|39.901477|-85.844282
Mt. Vernon|Mount Vernon High School|180729001226|Mount Vernon High School|37.93704|-87.88703
Muncie Burris|Burris Laboratory School|180003800185|Burris Laboratory School|40.196684|-85.412285
Muncie Central|Muncie Central High School|180732001242|Muncie Central High School|40.201339|-85.387704
Munster|Munster High School|180735001257|Munster High School|41.553787|-87.502957
New Albany|New Albany Senior High School|180741001277|New Albany Senior High School|38.298443|-85.811293
New Castle|New Castle High School|180744001290|New Castle High School|39.912441|-85.376657
New Haven|New Haven Primary School|180285000345|New Haven Primary School|41.062364|-85.007237
New Palestine|New Palestine High School|181071001761|New Palestine High School|39.718368|-85.890686
New Prairie|New Prairie High School|180756001298|New Prairie High School|41.684507|-86.561028
New Washington|New Washington High School|180394000672|New Washington Middle/High Schoo|38.565665|-85.541267
Noblesville|Noblesville High School|180765001309|Noblesville High School|40.056488|-85.997846
North Central (Indianapolis)|North Central High School|181272002021|North Central High School|39.911151|-86.129287
North Central (Farmersburg)|North Central High School|180816001402|North Central High School|39.225044|-87.390376
North Daviess|North Daviess High School|180771001319|North Daviess Jr-Sr High School|38.847419|-87.061919
North Decatur|North Decatur High School|180261000309|North Decatur Jr-Sr High School|39.383205|-85.477747
North Harrison|North Harrison Middle School|180069000145|North Harrison Middle School|38.323093|-86.146429
North Judson-San Pierre|North Judson-San Pierre Elem Sch|180780001328|North Judson-San Pierre Elem Sch|41.210398|-86.789851
North Knox|North Knox Primary School|180783001332|North Knox Primary School|38.776291|-87.307835
North Miami|North Miami Middle/High School|180789001351|North Miami Middle/High School|40.896355|-86.066019
North Montgomery|North Montgomery High School|180790001357|North Montgomery High School|40.124782|-86.906808
North Newton|North Newton Junior-Senior High School|180792001363|North Newton Jr-Sr High School|41.034604|-87.424143
North Posey|North Posey Junior High School|180795001366|North Posey Sr High School|38.141549|-87.801553
North Putnam|North Putnam Middle School|180798001369|North Putnam Sr High Sch|39.789445|-86.800738
Fort Wayne North Side|North Side High School|180363000550|North Side High School|41.097256|-85.1355
North Vermillion|North Vermillion High School|180807001384|North Vermillion High School|39.967816|-87.453174
North White|North White Middle-High School|180813001396|North White Jr/Sr High School|40.865826|-86.889758
Northeast Dubois|Northeast Dubois High School|180812001393|Northeast Dubois High School|38.450758|-86.79616
Northeastern|Northeastern High School|180819001406|Northeastern High School|39.934453|-84.9122
Northfield|Northfield Junior-Senior High School|181218001945|Northfield Jr-Sr High School|40.855622|-85.795204
Northridge|Northridge High School|180660001165|Northridge High School|41.670045|-85.735268
Fort Wayne Northrop|Northrop High School|180363000552|Northrop High School|41.145678|-85.139388
Northview|Northview High School|180084000154|Northview High School|39.515913|-87.166371
Northwestern|Northwestern Senior High School|180204000255|Northwestern Sr High Sch|40.525761|-86.204407
Northwood|Northwood High School|180363000553|Northwood Middle School|41.461627|-85.999487
Norwell|Norwell High School|180822001410|Norwell High School|40.828296|-85.201102
Oak Hill|Oak Hill High School|180834001429|Oak Hill High School|40.579872|-85.821567
Oldenburg Academy|Oldenburg Academy|422113|OLDENBURG ACADEMY|39.342613|-85.201152
Oregon-Davis|Oregon-Davis Junior-Senior High School|180846001435|Oregon-Davis Jr-Sr High School|41.388594|-86.551972
Orleans|Orleans Junior-Senior High School|180849001437|Orleans Jr-Sr High School|38.66794|-86.454274
Owen Valley|Owen Valley Middle School|181095001790|Owen Valley Middle School|39.288763|-86.78262
Paoli|Paoli Jr & Senior High School|180864001438|Paoli Jr & Sr High School|38.550426|-86.477041
Park Tudor|Park Tudor School|A0700958|PARK TUDOR SCHOOL|39.88573|-86.148251
Pendleton Heights|Pendleton Heights High School|181044001711|Pendleton Heights High School|39.997356|-85.735134
Penn|Penn High School|180876001451|Penn High School|41.679052|-86.107984
Perry Central|Perry Central High School|180174000234|Perry Central Jr-Sr High Sch|38.111737|-86.60488
Perry Meridian|Perry Meridian High School|180882001464|Perry Meridian High School|39.648182|-86.166345
Peru|Peru High School|180885001476|Peru High School|40.76014|-86.072579
Pike Central|Pike Central High School|180890001482|Pike Central High Sch|38.434517|-87.24338
Pike|Pike High School|180891001489|Pike High School|39.875494|-86.255231
Pioneer|Pioneer Junior-Senior High School|180894001491|Pioneer Jr-Sr High School|40.86087|-86.494471
Plainfield|Plainfield High School|180897001494|Plainfield High School|39.681753|-86.378717
Plymouth|Plymouth High School|180906001500|Plymouth High School|41.347617|-86.302273
Portage|Portage High School|180915001514|Portage High School|41.552582|-87.166592
Prairie Heights|Prairie Heights High School|180930001526|Prairie Heights Sr High Sch|41.638734|-85.20054
Princeton Community|Princeton Community Intermediate School|180777001326|Princeton Comm High Sch|38.36818|-87.568921
Providence Cristo Rey|Providence Cristo Rey High School|A0700963|PROVIDENCE CRISTO REY HIGH SCHOOL|39.76755|-86.202471
Providence|OUR LADY OF PROVIDENCE JR-SR HIGH SCHOOL|421914|OUR LADY OF PROVIDENCE JR-SR HIGH SCHOOL|38.304775|-85.782819
Fort Wayne Snider|R Nelson Snider High School|180363000556|R Nelson Snider High School|41.10782|-85.083015
Randolph Southern|Randolph Southern High Sch|181074001763|Randolph Southern Jr-Sr High Sch|40.052047|-84.945324
Rensselaer Central|Rensselaer Central High School|180942001543|Rensselaer Central High School|40.934892|-87.135919
Richmond|Richmond High School|180951001566|Richmond High School|39.821808|-84.901669
South Bend Riley|Riley High School|181029001660|Riley High School|41.654387|-86.243346
Rising Sun|Rising Sun High School|180960001573|Rising Sun High School|38.950388|-84.860001
River Forest|River Forest High School|180462000781|River Forest High School|41.558473|-87.280199
Riverton Parke|Riverton Parke Junior-Senior High School|181090002287|Riverton Parke Jr-Sr High School|39.697568|-87.322751
Rochester Community|Rochester Community High School|180963001576|Rochester Community High Sch|41.057813|-86.224211
Rock Creek|Rock Creek Community Academy|180009902497|Rock Creek Community Academy|38.43796|-85.76238
Rockville|Rockville Junior-Senior High School|180011801579|Rockville Jr-Sr High School|39.76828|-87.232531
Roncalli|Roncalli High School|421903|RONCALLI HIGH SCHOOL|39.6905|-86.107311
Rossville|Rossville Senior High School|180972001590|Rossville Middle/Senior High Sch|40.414506|-86.598053
Rushville Consolidated|Rushville Consolidated High School|180975001596|Rushville Consolidated High Scho|39.621119|-85.448714
Salem|Salem High School|180981001600|Salem High School|38.611771|-86.106681
Scottsburg|Scottsburg Senior High School|181002001612|Scottsburg Senior High School|38.680638|-85.781081
Seeger|Seeger Memorial Junior-Senior High School|180608001073|Seeger Memorial Jr-Sr HS|40.298485|-87.388259
Seton Catholic|Seton Catholic High|421277|SETON CATHOLIC HIGH SCHOOL|39.825|-84.895381
Seymour|Seymour Senior High School|181008001618|Seymour Senior High School|38.956301|-85.906134
Shakamak|Shakamak Junior-Senior High School|181011001623|Shakamak Jr-Sr High School|39.159624|-87.212896
Shawe Memorial|SHAWE MEMORIAL JR-SR HIGH SCHOOL|421481|SHAWE MEMORIAL JR-SR HIGH SCHOOL|38.75826|-85.388891
Shelbyville|Shelbyville Senior High School|181014001631|Shelbyville Sr High School|39.505734|-85.788175
Shenandoah|Shenandoah High School|180828001420|Shenandoah High School|40.005708|-85.525695
Sheridan|Sheridan High School|180648001127|Sheridan High School|40.140385|-86.214454
Shoals|Shoals Community High School|181017001635|Shoals Comm Jr-Sr High School|38.667462|-86.777711
Signature|Signature School Inc|180002100319|Signature School Inc|37.973174|-87.569014
Silver Creek|Silver Creek High School|180937001536|Silver Creek High School|38.407806|-85.755288
Smith Academy for Excellence|Smith Academy for Excellence|180013102539|Smith Academy for Excellence|41.07559|-85.148891
South Adams|South Adams Middle School|181026001641|South Adams Middle School|40.646877|-84.96039
South Bend Adams|Adams Middle School|181026001641|South Adams Middle School|41.666610|-86.224185
South Bend St. Joseph|ST JOSEPH HIGH SCHOOL|422973|ST JOSEPH HIGH SCHOOL|41.681327|-86.239778
South Bend Washington|Washington High School|181029001684|Washington High School|41.675494|-86.314923
South Central (Elizabeth)|South Central (Elizabeth) Jr & Senior High School|181036002285|South Central Jr & Sr High Schoo|38.081694|-86.0005
South Central (Union Mills)|South Central (Union Mills) Junior-Senior High School|180219000263|South Central Jr-Sr High School|41.465592|-86.81627
South Dearborn|South Dearborn Middle School|180024000958|South Dearborn Middle School|39.062873|-84.930854
South Decatur|South Decatur Junior-Senior High School|180261000311|South Decatur Jr-Sr High School|39.207345|-85.576873
South Knox|South Knox High School|181041001706|South Knox Middle-High School|38.63525|-87.421501
South Newton|South Newton Senior High School|181047001722|South Newton Senior High Sch|40.806714|-87.384585
South Putnam|South Putnam Middle School|181050002542|South Putnam Middle School|39.582946|-86.81611
South Ripley|South Ripley Junior High School|181053002482|South Ripley Junior High School|39.05141|-85.249401
Fort Wayne South Side|South Side High School|180363000562|South Side High School|41.05255|-85.13705
South Spencer|South Spencer High School|181056001733|South Spencer High School|37.903494|-87.106483
South Vermillion|South Vermillion High School|181059001739|South Vermillion High School|39.689049|-87.413801
Southern Wells|Southern Wells Junior-Senior High School|181077001765|Southern Wells Jr-Sr High Sch|40.609306|-85.279885
Southmont|Southmont Senior High School|181045001716|Southmont Sr High School|39.947902|-86.905584
Southport|Southport High School|180882001467|Southport High School|39.670865|-86.141891
Southridge|Southridge High School|181087001779|Southridge High School|38.275275|-86.96387
Southwestern (Hanover)|Southwestern (Hanover) Middle/Senior High School|181080001767|Southwestern High School|38.710203|-85.472864
Southwestern (Shelbyville)|Southwestern (Shelbyville) High School|181083001769|Southwestern High School|39.439179|-85.84516
Southwood|Southwood Junior-Senior High School|181218001948|Southwood Jr-Sr High School|40.740346|-85.780809
Speedway|Speedway Senior High School|181092001785|Speedway Senior High School|39.800762|-86.252838
Springs Valley|Springs Valley Community High School|181098001795|Springs Valley Comm High Sch|38.551109|-86.616854
Sullivan|Sullivan High School|181086001773|Sullivan High School|39.105402|-87.411285
Switzerland County|Switzerland Co Middle School|181122000806|Switzerland Co Middle School|38.741915|-85.078065
Taylor|Taylor High School|181125001814|Taylor High School|40.434932|-86.054672
Tecumseh|Tecumseh Junior-Senior High School|181239001986|Tecumseh Jr-Sr High School|38.194663|-87.341351
Tell City|Tell City Junior-Senior High School|181126001819|Tell City Jr-Sr High School|37.954527|-86.763643
Terre Haute North Vigo|Terre Haute North Vigo High School|181209001917|Terre Haute North Vigo High Scho|39.493496|-87.362427
Terre Haute South|Terre Haute South Vigo High School|181209001918|Terre Haute South Vigo High Scho|39.424991|-87.408565
Tindley|Tindley Accelerated School|180004502137|Charles A Tindley Accelerated Sc|39.829805|-86.114481
Tippecanoe Valley|Tippecanoe Valley High School|181137001839|Tippecanoe Valley High School|41.109615|-86.039198
Tipton|Tipton High School|181140001843|Tipton High School|40.274082|-86.040032
Traders Point|Traders Point Christian Academy|A9102775|TRADERS POINT CHRISTIAN ACADEMY|39.94101|-86.359471
Tri Central|Tri Central Middle/High School|180804001379|Tri Central Middle-High School|40.375298|-86.053492
Tri|Tri Junior-Senior High School|181038001702|Tri Junior-Senior High School|39.83272|-85.350879
Tri-County|Tri-County Middle-Senior High|181143001846|Tri-County Middle-Senior High|40.734863|-87.084797
Trinity Lutheran|Trinity Lutheran School|424325|TRINITY LUTHERAN SCHOOL|38.985783|-85.877203
Triton Central|Triton Central High School|180831001423|Triton Central High School|39.611299|-85.873511
Triton|Triton Junior-Senior High School|181149001856|Triton Jr-Sr High School|41.301353|-86.108477
Tri-West Hendricks|Tri-West Senior High School|180810001387|Tri-West Senior High School|39.876672|-86.541983
Turkey Run|Turkey Run High School|180011801858|Turkey Run Jr/Sr High School|39.8769|-87.211821
Twin Lakes|Twin Lakes Senior High School|181158001863|Twin Lakes Senior High School|40.741791|-86.770127
Union (Modoc)|Union (Modoc) Junior & High School|181173001875|Union Junior & High School|40.047155|-85.141709
Union City|Union City Community Jr/Sr High|180318000415|Union City Community Jr/Sr HS|40.205072|-84.815301
Union County|Union County High School|181161001869|Union County High School|39.634909|-84.920746
University|University High School of Indiana|A0301569|UNIVERSITY HIGH SCHOOL OF INDIANA|39.95431|-86.211681
Valparaiso|Valparaiso High School|181197001891|Valparaiso High School|41.493022|-87.067482
Vincennes Lincoln|Lincoln High School|181212001931|Lincoln High School|38.672155|-87.517138
Vincennes Rivet|RIVET JR SR HIGH SCHOOL|1605537|RIVET JR SR HIGH SCHOOL|38.6781368|-87.5340969
Wabash|Wabash High School|181215001940|Wabash High School|40.808717|-85.826336
Waldron|Waldron Junior-Senior High School|180321000420|Waldron Jr-Sr High School|39.452974|-85.66133
Wapahani|Wapahani High School|180588001047|Wapahani High School|40.16763|-85.263852
Warren Central|Warren Central High School|181236001973|Warren Central High School|39.790985|-85.999856
Warsaw Community|Warsaw Community High School|181242001999|Warsaw Community High School|41.223747|-85.866128
Washington Catholic|Washington Catholic Mid/High Sch|wikiPageID:11101352|Washington Catholic Mid/High Sch|38.65888889|-87.17361111
Washington|Washington High School|181245002006|Washington High School|38.661701|-87.167876
Washington Township|Washington Township Middle/High School|180900002009|Washington Twp Middle/High Schoo|41.484726|-86.994001
Wawasee|Wawasee High School|180555001007|Wawasee High School|41.417764|-85.756506
Fort Wayne Wayne|Wayne High School|180363000568|Wayne High School|41.000256|-85.140058
Wes-Del|Wes-Del Middle/Senior High School|180450000761|Wes-Del Middle/Senior High Sch|40.280676|-85.499533
West Central|West Central Senior High School|180936001529|West Central Senior High School|41.028072|-86.890297
West Lafayette|West Lafayette Jr/Senior High School|181287002048|West Lafayette Jr/Sr High School|40.436051|-86.91166
West Noble|West Noble High School|181290002058|West Noble High School|41.425772|-85.581482
West Vigo|West Vigo High School|181209001923|West Vigo High School|39.46275|-87.4888
West Washington|West Washington Junior-Senior High School|181293002063|West Washington Jr-Sr High Schoo|38.583895|-86.234382
Western Boone|Western Boone Junior-Senior High School|181299002066|Western Boone Jr-Sr High School|40.056423|-86.612961
Western|Western High School|180447000756|Western High School|40.437664|-86.24197
Westfield|Westfield High School|181308002075|Westfield High School|40.05179|-86.130163
Westview|Westview Junior-Senior High School|181311002079|Westview Jr-Sr High School|41.617689|-85.539426
Westville|Westville Middle-High School|180747001294|Westville High School|41.542117|-86.894603
Wheeler|Wheeler High School|181170001873|Wheeler High School|41.479756|-87.179836
White River Valley|White River Valley High School|180000802302|White River Valley Jr/Sr High Sc|39.035665|-87.047115
Whiteland Community|Whiteland Community High School|180189000246|Whiteland Community High School|39.551293|-86.084117
Whiting|Whiting High School|181320002082|Whiting High School|41.68119|-87.494099
Whitko|Whitko High School|181323002089|Whitko High School|41.082844|-85.635494
Winamac Community|Winamac Community Middle School|180711001206|Winamac Community Middle School|41.045461|-86.596198
Winchester Community|Winchester Community High School|180177000242|Winchester Community High School|40.180913|-84.974842
Wood Memorial|Wood Memorial High|180294000386|Waldo J Wood Memorial High|38.329997|-87.351226
Woodlan|Woodlan Jr/Senior High School|180285000361|Woodlan Jr/Sr High School|41.12495|-84.919637
Yorktown|Yorktown High School|180723001217|Yorktown High School|40.183035|-85.493836
Zionsville|Zionsville Community High School|180283000341|Zionsville Community High School|39.961129|-86.274024
